#IXO 3.2 m diameter 20 m focal length prescription file,,,,,,,,,,,,,,,,,
#,,,,,,,,,,,,,,,,,
#"P Reid June 7, 2008",,,,,,,,,,,,,,,,,
#,,,,,,,,,,,,,,,,,
#"Use Shells 73-172 (outer module); 185-302 (middle module), and 321-461 (inner module).",,,,,,,,,,,,,,,,,
#"Outer module also missing shells 85, 99, 113,...,169 (left off for weight savings)",,,,,,,,,,,,,,,,,
#,,,,,,,,,,,,,,,,,
#Prescription forms:,,,,,,,,,,,,,,,,,
#,primary - ,r^2 = (d+a+z)^2 - (a+z)^2,,,,,,,,,,,,,,,
#,secondary - ,r^2 = e^2 * (d+z)^2 - z^2,,,,,,,,,,,,,,,
## Note: For the primary, r = r(z), and z runs from 20025 to 20225.  Then
##  r_int = r(20025) 
##  r_aft = r(20225)
#,,,,,,,,,,,,,,,,,
#,"where z=axial direction, z= 0 at nominal on-axis focus, P runs from Z = 20025 mm to 20225 mm,
## and S runs from Z = 19975 mm to 19775 mm",,,,,,,,,,,,,,,,
#,,,,,,,,,,,,,,,,,
#,,,,,,,,,,,,,,,,,
shell,r_int (mm),r_aft (mm),r_for (mm),alpha (rad),graze (rad),d (mm),e,a (mm),ca (cm^2),graze (rad),rh forward,rh aft,Weight (kg),h graze (rad)
73,1605.008425,1605.508906,1609.507155,0.020019702,0.019988581,32.136084353,1.001605513,20064.2979454709,403.834890410153,0.019988581,1603.505061,1591.472458,4.043628,0.060090585
74,1600.016362,1600.515293,1604.501155,0.019957700,0.019926674,31.936886357,1.001595569,20063.8992311614,401.331688724948,0.019926674,1598.517665,1586.522417,4.031051,0.059904480
75,1595.036977,1595.534362,1599.507869,0.019895852,0.019864922,31.738807545,1.001585681,20063.5027589707,398.842551129836,0.019864922,1593.542936,1581.584949,4.018506,0.059718840
76,1590.070239,1590.566080,1594.527263,0.019834159,0.019803325,31.541841983,1.001575848,20063.1085169853,396.367403105164,0.019803325,1588.580841,1576.660021,4.005993,0.059533664
77,1585.116113,1585.610416,1589.559305,0.019772620,0.019741881,31.345983769,1.001566071,20062.7164933515,393.906170431011,0.019741881,1583.631348,1571.747601,3.993511,0.059348951
78,1580.174568,1580.667336,1584.603963,0.019711235,0.019680591,31.151227029,1.001556348,20062.3266762898,391.458779336812,0.019680591,1578.694423,1566.847656,3.981062,0.059164701
79,1575.245571,1575.736808,1579.661202,0.019650004,0.019619454,30.957565923,1.001546680,20061.9390540774,389.025156411469,0.019619454,1573.770034,1561.960155,3.968644,0.058980910
80,1570.329089,1570.818799,1574.730992,0.019588925,0.019558471,30.764994637,1.001537067,20061.5536150415,386.605228611048,0.019558471,1568.858150,1557.085063,3.956257,0.058797580
81,1565.425091,1565.913277,1569.813299,0.019528000,0.019497639,30.573507392,1.001527507,20061.1703475849,384.198923288446,0.019497639,1563.958736,1552.222351,3.943902,0.058614708
82,1560.533543,1561.020209,1564.908091,0.019467227,0.019436960,30.383098434,1.001518001,20060.7892401656,381.806168156164,0.019436960,1559.071762,1547.371985,3.931579,0.058432293
83,1555.654413,1556.139564,1560.015335,0.019406605,0.019376433,30.193762042,1.001508549,20060.4102812964,379.426891323664,0.019376433,1554.197195,1542.533934,3.919286,0.058250335
84,1550.787670,1551.271309,1555.135001,0.019346136,0.019316057,30.005492524,1.001499149,20060.0334595553,377.061021252431,0.019316057,1549.335003,1537.708165,3.907025,0.058068831
85,1545.933282,1546.415412,1550.267054,0.019285818,0.019255832,29.818284217,1.001489803,20059.6587635797,374.708486786022,0.019255832,1544.485154,1532.894648,3.894795,0.057887782
86,1541.091215,1541.571841,1545.411464,0.019225650,0.019195758,29.632131487,1.001480509,20059.2861820658,372.369217119884,0.019195758,1539.647615,1528.093350,3.882596,0.057707185
87,1536.261440,1536.740564,1540.568198,0.019165633,0.019135834,29.447028730,1.001471268,20058.9157037668,370.043141846577,0.019135834,1534.822356,1523.304239,3.870428,0.057527040
88,1531.443923,1531.921550,1535.737225,0.019105766,0.019076060,29.262970371,1.001462078,20058.5473174909,367.730190880705,0.019076060,1530.009344,1518.527285,3.858291,0.057347346
89,1526.638633,1527.114767,1530.918513,0.019046049,0.019016435,29.079950864,1.001452940,20058.1810121107,365.430294533838,0.019016435,1525.208548,1513.762456,3.846184,0.057168101
90,1521.845538,1522.320183,1526.112029,0.018986482,0.018956959,28.897964690,1.001443854,20057.8167765579,363.143383477043,0.018956959,1520.419936,1509.009719,3.834109,0.056989305
91,1517.064608,1517.537767,1521.317743,0.018927063,0.018897633,28.717006360,1.001434819,20057.4545998111,360.869388725964,0.018897633,1515.643476,1504.269046,3.822064,0.056810956
92,1512.295810,1512.767487,1516.535623,0.018867793,0.018838455,28.537070415,1.001425836,20057.094470918,358.608241670812,0.018838455,1510.879138,1499.540403,3.810049,0.056633053
93,1507.539113,1508.009312,1511.765638,0.018808671,0.018779424,28.358151421,1.001416902,20056.7363789827,356.359874008762,0.018779424,1506.126890,1494.823760,3.798065,0.056455595
94,1502.794486,1503.263210,1507.007756,0.018749697,0.018720542,28.180243974,1.001408020,20056.3803131566,354.124217878981,0.018720542,1501.386700,1490.119085,3.786112,0.056278581
95,1498.061897,1498.529151,1502.261945,0.018690871,0.018661807,28.003342697,1.001399187,20056.026262656,351.901205675377,0.018661807,1496.658538,1485.426349,3.774188,0.056102010
96,1493.341317,1493.807103,1497.528176,0.018632192,0.018603219,27.827442244,1.001390404,20055.6742167436,349.690770211172,0.018603219,1491.942372,1480.745520,3.762296,0.055925881
97,1488.632713,1489.097035,1492.806416,0.018573660,0.018544777,27.652537292,1.001381671,20055.3241647486,347.49284462174,0.018544777,1487.238172,1476.076567,3.750433,0.055750193
98,1483.936054,1484.398917,1488.096634,0.018515274,0.018486482,27.478622548,1.001372987,20054.9760960561,345.307362386988,0.018486482,1482.545906,1471.419460,3.738600,0.055574944
99,1479.251311,1479.712717,1483.398801,0.018457034,0.018428332,27.305692748,1.001364353,20054.6300000948,343.134257346362,0.018428332,1477.865545,1466.774168,3.726797,0.055400133
100,1474.578451,1475.038405,1478.712884,0.018398940,0.018370328,27.133742652,1.001355767,20054.2858663544,340.973463661346,0.018370328,1473.197056,1462.140661,3.715025,0.055225761
101,1469.917446,1470.375950,1474.038854,0.018340992,0.018312469,26.962767049,1.001347230,20053.9436843922,338.8249158455,0.018312469,1468.540409,1457.518908,3.703282,0.055051824
102,1465.268262,1465.725322,1469.376678,0.018283188,0.018254755,26.792760755,1.001338741,20053.6034437947,336.688548756907,0.018254755,1463.895575,1452.908879,3.691569,0.054878323
103,1460.630872,1461.086489,1464.726328,0.018225529,0.018197186,26.623718612,1.001330300,20053.2651342201,334.564297568275,0.018197186,1459.262522,1448.310543,3.679885,0.054705256
104,1456.005243,1456.459422,1460.087772,0.018168015,0.018139760,26.455635490,1.001321907,20052.928745376,332.452097826797,0.018139760,1454.641220,1443.723871,3.668232,0.054532622
105,1451.391346,1451.844091,1455.460980,0.018110644,0.018082479,26.288506285,1.001313561,20052.5942670199,330.351885379223,0.018082479,1450.031638,1439.148832,3.656607,0.054360420
106,1446.789150,1447.240464,1450.845922,0.018053417,0.018025340,26.122325919,1.001305263,20052.2616889776,328.263596424423,0.018025340,1445.433747,1434.585397,3.645013,0.054188650
107,1442.198625,1442.648511,1446.242567,0.017996333,0.017968345,25.957089340,1.001297012,20051.9310011035,326.187167490814,0.017968345,1440.847516,1430.033535,3.633447,0.054017309
108,1437.619741,1438.068204,1441.650885,0.017939392,0.017911492,25.792791524,1.001288808,20051.6021933246,324.12253541384,0.017911492,1436.272916,1425.493216,3.621911,0.053846397
109,1433.052468,1433.499511,1437.070847,0.017882594,0.017854782,25.629427472,1.001280650,20051.2752556085,322.069637381072,0.017854782,1431.709915,1420.964411,3.610405,0.053675913
110,1428.496776,1428.942402,1432.502421,0.017825938,0.017798214,25.466992210,1.001272539,20050.9501779826,320.028410894646,0.017798214,1427.158485,1416.447090,3.598927,0.053505855
111,1423.952636,1424.396849,1427.945579,0.017769423,0.017741787,25.305480790,1.001264474,20050.6269505288,317.998793801193,0.017741787,1422.618596,1411.941224,3.587479,0.053336224
112,1419.420017,1419.862820,1423.400289,0.017713051,0.017685501,25.144888292,1.001256454,20050.3055633658,315.980724232031,0.017685501,1418.090217,1407.446783,3.576059,0.053167017
113,1414.898890,1415.340287,1418.866524,0.017656819,0.017629357,24.985209818,1.001248480,20049.9860066771,313.97414066297,0.017629357,1413.573319,1402.963737,3.564669,0.052998233
114,1410.389225,1410.829220,1414.344252,0.017600728,0.017573353,24.826440499,1.001240552,20049.6682706929,311.978981891973,0.017573353,1409.067873,1398.492058,3.553307,0.052829872
115,1405.890992,1406.329588,1409.833444,0.017544777,0.017517489,24.668575488,1.001232668,20049.3523456947,309.995187016529,0.017517489,1404.573849,1394.031715,3.541975,0.052661933
116,1401.404163,1401.841363,1405.334071,0.017488967,0.017461765,24.511609965,1.001224829,20049.0382220152,308.022695471249,0.017461765,1400.091217,1389.582680,3.530671,0.052494414
117,1396.928707,1397.364516,1400.846104,0.017433296,0.017406180,24.355539135,1.001217035,20048.7258900349,306.061446990297,0.017406180,1395.619949,1385.144923,3.519395,0.052327315
118,1392.464597,1392.899017,1396.369512,0.017377765,0.017350735,24.200358227,1.001209286,20048.4153401868,304.111381614975,0.017350735,1391.160014,1380.718416,3.508148,0.052160633
119,1388.011801,1388.444836,1391.904267,0.017322372,0.017295429,24.046062495,1.001201580,20048.1065629513,302.172439731076,0.017295429,1386.711384,1376.303130,3.496930,0.051994370
120,1383.570291,1384.001945,1387.450339,0.017267119,0.017240261,23.892647217,1.001193919,20047.7995488649,300.244561994137,0.017240261,1382.274030,1371.899035,3.485740,0.051828522
121,1379.140039,1379.570315,1383.007699,0.017212004,0.017185231,23.740107698,1.001186301,20047.4942885051,298.327689374208,0.017185231,1377.847923,1367.506102,3.474579,0.051663090
122,1374.721015,1375.149916,1378.576319,0.017157026,0.017130339,23.588439265,1.001178726,20047.1907725017,296.421763178373,0.017130339,1373.433033,1363.124304,3.463445,0.051498072
123,1370.313190,1370.740720,1374.156169,0.017102187,0.017075584,23.437637269,1.001171195,20046.8889915268,294.526724990889,0.017075584,1369.029332,1358.753611,3.452340,0.051333468
124,1365.916535,1366.342697,1369.747220,0.017047485,0.017020967,23.287697087,1.001163707,20046.5889363207,292.642516673208,0.017020967,1364.636792,1354.393995,3.441264,0.051169275
125,1361.531023,1361.955820,1365.349443,0.016992919,0.016966486,23.138614119,1.001156261,20046.2905976517,290.769080468655,0.016966486,1360.255382,1350.045428,3.430215,0.051005494
126,1357.156623,1357.580059,1360.962810,0.016938491,0.016912142,22.990383788,1.001148858,20045.9939663431,288.90635883788,0.016912142,1355.885075,1345.707880,3.419194,0.050842123
127,1352.793307,1353.215387,1356.587293,0.016884199,0.016857934,22.843001542,1.001141498,20045.6990332657,287.054294578552,0.016857934,1351.525842,1341.381324,3.408201,0.050679161
128,1348.441048,1348.861773,1352.222862,0.016830042,0.016803862,22.696462852,1.001134179,20045.405789336,285.212830787897,0.016803862,1347.177655,1337.065730,3.397236,0.050516607
129,1344.099816,1344.519190,1347.869488,0.016776022,0.016749925,22.550763214,1.001126902,20045.1142255267,283.381910847816,0.016749925,1342.840485,1332.761072,3.386299,0.050354461
130,1339.769583,1340.187610,1343.527145,0.016722136,0.016696123,22.405898144,1.001119667,20044.8243328466,281.561478439828,0.016696123,1338.514304,1328.467321,3.375389,0.050192720
131,1335.450321,1335.867004,1339.195802,0.016668386,0.016642456,22.261863185,1.001112474,20044.5361023538,279.751477530079,0.016642456,1334.199083,1324.184449,3.364508,0.050031385
132,1331.142001,1331.557344,1334.875433,0.016614770,0.016588924,22.118653900,1.001105321,20044.2495251559,277.951852376793,0.016588924,1329.894795,1319.912427,3.353653,0.049870454
133,1326.844596,1327.258601,1330.566008,0.016561289,0.016535525,21.976265878,1.001098210,20043.9645924101,276.162547522846,0.016535525,1325.601411,1315.651229,3.342826,0.049709926
134,1322.558077,1322.970749,1326.267500,0.016507941,0.016482260,21.834694729,1.001091139,20043.6812953006,274.383507833147,0.016482260,1321.318904,1311.400826,3.332027,0.049549800
135,1318.282417,1318.693758,1321.979880,0.016454728,0.016429129,21.693936085,1.001084109,20043.3996250927,272.614678419863,0.016429129,1317.047245,1307.161190,3.321255,0.049390075
136,1314.017587,1314.427601,1317.703120,0.016401647,0.016376131,21.553985604,1.001077119,20043.1195730559,270.856004694699,0.016376131,1312.786406,1302.932294,3.310510,0.049230750
137,1309.763560,1310.172251,1313.437194,0.016348700,0.016323266,21.414838962,1.001070169,20042.8411305443,269.10743233905,0.016323266,1308.536360,1298.714110,3.299793,0.049071824
138,1305.520308,1305.927678,1309.182072,0.016295885,0.016270533,21.276491862,1.001063259,20042.5642889227,267.368907333876,0.016270533,1304.297079,1294.506610,3.289102,0.048913297
139,1301.287804,1301.693856,1304.937727,0.016243202,0.016217932,21.138940026,1.001056388,20042.2890396243,265.640375944788,0.016217932,1300.068535,1290.309768,3.278439,0.048755167
140,1297.066019,1297.470757,1300.704131,0.016190652,0.016165463,21.002179200,1.001049558,20042.0153741217,263.921784699556,0.016165463,1295.850700,1286.123555,3.267803,0.048597432
141,1292.854926,1293.258353,1296.481257,0.016138233,0.016113125,20.866205151,1.001042766,20041.7432839193,262.213080418035,0.016113125,1291.643548,1281.947945,3.257193,0.048440093
142,1288.654497,1289.056618,1292.269078,0.016085945,0.016060919,20.731013669,1.001036013,20041.4727605834,260.514210167308,0.016060919,1287.447051,1277.782910,3.246611,0.048283149
143,1284.464706,1284.865523,1288.067565,0.016033789,0.016008843,20.596600565,1.001029300,20041.2037957176,258.825121336483,0.016008843,1283.261181,1273.628423,3.236055,0.048126597
144,1280.285525,1280.685041,1283.876691,0.015981763,0.015956898,20.462961671,1.001022625,20040.9363809576,257.145761546883,0.015956898,1279.085911,1269.484457,3.225526,0.047970438
145,1276.116927,1276.515145,1279.696430,0.015929867,0.015905083,20.330092844,1.001015988,20040.6705080113,255.476078719468,0.015905083,1274.921214,1265.350986,3.215024,0.047814670
146,1271.958884,1272.355808,1275.526753,0.015878102,0.015853398,20.197989959,1.001009390,20040.4061685964,253.816021022302,0.015853398,1270.767063,1261.227981,3.204548,0.047659292
147,1267.811370,1268.207002,1271.367634,0.015826466,0.015801842,20.066648913,1.001002829,20040.1433544911,252.165536900648,0.015801842,1266.623430,1257.115416,3.194099,0.047504304
148,1263.674357,1264.068702,1267.219045,0.015774960,0.015750416,19.936065626,1.000996306,20039.8820575243,250.524575091879,0.015750416,1262.490289,1253.013264,3.183676,0.047349704
149,1259.547818,1259.940879,1263.080960,0.015723582,0.015699118,19.806236038,1.000989821,20039.6222695473,248.89308455053,0.015699118,1258.367612,1248.921500,3.173280,0.047195492
150,1255.431727,1255.823507,1258.953352,0.015672334,0.015647949,19.677156111,1.000983374,20039.3639824672,247.271014545812,0.015647949,1254.255374,1244.840095,3.162910,0.047041665
151,1251.326057,1251.716558,1254.836193,0.015621214,0.015596908,19.548821826,1.000976963,20039.1071882314,245.658314593995,0.015596908,1250.153547,1240.769023,3.152566,0.046888225
152,1247.230781,1247.620007,1250.729457,0.015570222,0.015545995,19.421229186,1.000970590,20038.8518788244,244.054934451163,0.015545995,1246.062104,1236.708259,3.142249,0.046735169
153,1243.145873,1243.533827,1246.633117,0.015519357,0.015495210,19.294374216,1.000964253,20038.5980462819,242.460824150457,0.015495210,1241.981018,1232.657774,3.131957,0.046582497
154,1239.071305,1239.457991,1242.547147,0.015468621,0.015444552,19.168252961,1.000957953,20038.3456826758,240.875934017105,0.015444552,1237.910264,1228.617544,3.121692,0.046430207
155,1235.007051,1235.392472,1238.471519,0.015418011,0.015394021,19.042861485,1.000951690,20038.0947801085,239.300214556171,0.015394021,1233.849815,1224.587542,3.111453,0.046278299
156,1230.953086,1231.337244,1234.406208,0.015367528,0.015343617,18.918195873,1.000945462,20037.8453307391,237.733616617247,0.015343617,1229.799643,1220.567741,3.101239,0.046126771
157,1226.909381,1227.292281,1230.351187,0.015317172,0.015293339,18.794252233,1.000939271,20037.5973267701,236.17609126712,0.015293339,1225.759724,1216.558115,3.091051,0.045975624
158,1222.875912,1223.257556,1226.306429,0.015266942,0.015243187,18.671026689,1.000933116,20037.3507604312,234.627589789804,0.015243187,1221.730030,1212.558639,3.080890,0.045824855
159,1218.852652,1219.233043,1222.271909,0.015216838,0.015193160,18.548515390,1.000926996,20037.1056239948,233.08806379138,0.015193160,1217.710536,1208.569286,3.070753,0.045674464
160,1214.839574,1215.218716,1218.247599,0.015166860,0.015143260,18.426714499,1.000920911,20036.8619097783,231.557465080193,0.015143260,1213.701215,1204.590030,3.060643,0.045524450
161,1210.836654,1211.214549,1214.233474,0.015117007,0.015093484,18.305620205,1.000914862,20036.6196101416,230.035745741693,0.015093484,1209.702041,1200.620845,3.050558,0.045374813
162,1206.843863,1207.220515,1210.229508,0.015067278,0.015043833,18.185228713,1.000908848,20036.3787174769,228.522858100988,0.015043833,1205.712988,1196.661706,3.040499,0.045225550
163,1202.861178,1203.236589,1206.235675,0.015017675,0.014994306,18.065536249,1.000902869,20036.139224226,227.018754730442,0.014994306,1201.734030,1192.712587,3.030465,0.045076661
164,1198.888571,1199.262745,1202.251948,0.014968196,0.014944904,17.946539059,1.000896924,20035.9011228512,225.52338842707,0.014944904,1197.765142,1188.773462,3.020456,0.044928146
165,1194.926017,1195.298957,1198.278302,0.014918841,0.014895625,17.828233407,1.000891014,20035.6644058843,224.036712279991,0.014895625,1193.806297,1184.844306,3.010473,0.044780003
166,1190.973490,1191.345199,1194.314712,0.014869609,0.014846470,17.710615578,1.000885139,20035.429065865,222.558679610554,0.014846470,1189.857471,1180.925092,3.000515,0.044632232
167,1187.030964,1187.401446,1190.361150,0.014820501,0.014797438,17.593681876,1.000879297,20035.1950953913,221.08924392737,0.014797438,1185.918636,1177.015796,2.990582,0.044484830
168,1183.098415,1183.467672,1186.417592,0.014771516,0.014748530,17.477428623,1.000873490,20034.9624870892,219.62835905357,0.014748530,1181.989768,1173.116392,2.980675,0.044337799
169,1179.175816,1179.543851,1182.484012,0.014722654,0.014699743,17.361852163,1.000867716,20034.7312336364,218.175979014593,0.014699743,1178.070840,1169.226855,2.970792,0.044191136
170,1175.263141,1175.629958,1178.560384,0.014673915,0.014651079,17.246948855,1.000861976,20034.5013277305,216.73205809799,0.014651079,1174.161829,1165.347160,2.960935,0.044044841
171,1171.360366,1171.725968,1174.646683,0.014625297,0.014602537,17.132715080,1.000856269,20034.2727621297,215.296550786085,0.014602537,1170.262707,1161.477280,2.951102,0.043898912
172,1167.467465,1167.831854,1170.742883,0.014576802,0.014554117,17.019147237,1.000850595,20034.0455296035,213.869411845821,0.014554117,1166.373451,1157.617192,2.941295,0.043753350
173,1163.584413,1163.947592,1166.848960,0.014528428,0.014505819,16.906241744,1.000844955,20033.8196229769,212.450596246338,0.014505819,1162.494033,1153.766870,2.931512,0.043608152
#174,1159.711184,1160.073157,1162.964887,0.014480175,0.014457641,16.793995037,1.000839347,20033.5950351187,211.04005923394,0.014457641,1158.624431,1149.926289,2.921753,0.043463319
#175,1155.847754,1156.208524,1159.090640,0.014432044,0.014409584,16.682403570,1.000833772,20033.3717589061,209.637756219748,0.014409584,1154.764617,1146.095424,2.912020,0.043318848
#176,1151.994097,1152.353667,1155.226194,0.014384033,0.014361648,16.571463817,1.000828230,20033.1497872884,208.24364291444,0.014361648,1150.914568,1142.274251,2.902311,0.043174740
#177,1148.150189,1148.508561,1151.371523,0.014336142,0.014313832,16.461172270,1.000822720,20032.9291132206,206.857675215975,0.014313832,1147.074258,1138.462744,2.892627,0.043030994
#178,1144.316003,1144.673181,1147.526602,0.014288372,0.014266135,16.351525439,1.000817242,20032.709729722,205.479809269461,0.014266135,1143.243663,1134.660878,2.882967,0.042887607
#179,1140.491517,1140.847503,1143.691407,0.014240721,0.014218559,16.242519850,1.000811796,20032.491629834,204.110001444742,0.014218559,1139.422756,1130.868630,2.873332,0.042744581
#180,1136.676704,1137.031502,1139.865912,0.014193190,0.014171101,16.134152052,1.000806382,20032.2748066294,202.748208351311,0.014171101,1135.611515,1127.085974,2.863721,0.042601913
#181,1132.871539,1133.225152,1136.050093,0.014145778,0.014123763,16.026418608,1.000801000,20032.0592532215,201.39438678595,0.014123763,1131.809913,1123.312886,2.854134,0.042459602
#182,1129.075999,1129.428430,1132.243925,0.014098485,0.014076543,15.919316099,1.000795649,20031.8449627778,200.048493822593,0.014076543,1128.017927,1119.549341,2.844572,0.042317649
#183,1125.290059,1125.641310,1128.447383,0.014051311,0.014029442,15.812841126,1.000790329,20031.6319284633,198.710486722347,0.014029442,1124.235531,1115.795316,2.835034,0.042176052
#184,1121.513694,1121.863769,1124.660443,0.014004255,0.013982459,15.706990307,1.000785041,20031.4201435122,197.380322986061,0.013982459,1120.462702,1112.050785,2.825519,0.042034810
185,1117.746879,1118.095781,1120.883080,0.013957317,0.013935594,15.601760275,1.000779784,20031.2096011809,196.057960316843,0.013935594,1116.699414,1108.315724,2.816029,0.041893922
186,1113.989591,1114.337321,1117.115269,0.013910496,0.013888846,15.497147685,1.000774557,20031.0002947538,194.743356664923,0.013888846,1112.945643,1104.590110,2.806563,0.041753387
187,1110.241804,1110.588367,1113.356987,0.013863793,0.013842216,15.393149205,1.000769361,20030.7922175808,193.43647017532,0.013842216,1109.201366,1100.873917,2.797121,0.041613205
188,1106.503495,1106.848893,1109.608209,0.013817208,0.013795703,15.289761525,1.000764196,20030.5853630061,192.13725922521,0.013795703,1105.466557,1097.167123,2.787703,0.041473374
189,1102.774639,1103.118876,1105.868910,0.013770739,0.013749306,15.186981347,1.000759061,20030.3797244267,190.845682408992,0.013749306,1101.741192,1093.469702,2.778309,0.041333894
190,1099.055212,1099.398290,1102.139067,0.013724386,0.013703025,15.084805395,1.000753956,20030.1752952856,189.56169851581,0.013703025,1098.025248,1089.781631,2.768938,0.041194765
191,1095.345191,1095.687112,1098.418654,0.013678150,0.013656861,14.983230406,1.000748881,20029.9720690431,188.285266574543,0.013656861,1094.318700,1086.102886,2.759591,0.041055984
192,1091.644550,1091.985318,1094.707649,0.013632030,0.013610813,14.882253138,1.000743836,20029.7700391941,187.016345823691,0.013610813,1090.621524,1082.433444,2.750268,0.040917551
193,1087.953266,1088.292884,1091.006027,0.013586026,0.013564880,14.781870362,1.000738820,20029.5691992877,185.75489572657,0.013564880,1086.933696,1078.773279,2.740968,0.040779465
194,1084.271315,1084.609786,1087.313764,0.013540137,0.013519062,14.682078869,1.000733834,20029.3695428651,184.500875903717,0.013519062,1083.255193,1075.122370,2.731692,0.040641726
195,1080.598674,1080.936000,1083.630835,0.013494363,0.013473359,14.582875465,1.000728878,20029.1710635599,183.254246237837,0.013473359,1079.585990,1071.480691,2.722439,0.040504332
196,1076.935318,1077.271503,1079.957218,0.013448703,0.013427771,14.484256972,1.000723951,20028.9737549904,182.014966821375,0.013427771,1075.926064,1067.848220,2.713209,0.040367283
197,1073.281223,1073.616270,1076.292889,0.013403159,0.013382297,14.386220231,1.000719052,20028.7776108205,180.782997911545,0.013382297,1072.275392,1064.224932,2.704003,0.040230578
198,1069.636367,1069.970278,1072.637823,0.013357729,0.013336937,14.288762097,1.000714183,20028.5826247714,179.558300020241,0.013336937,1068.633948,1060.610806,2.694821,0.040094215
199,1066.000725,1066.333503,1068.991998,0.013312412,0.013291691,14.191879444,1.000709342,20028.388790551,178.340833839128,0.013291691,1065.001711,1057.005816,2.685661,0.039958195
200,1062.374274,1062.705922,1065.355389,0.013267210,0.013246559,14.095569159,1.000704530,20028.1961019482,177.130560269567,0.013246559,1061.378656,1053.409940,2.676525,0.039822516
201,1058.756990,1059.087511,1061.727972,0.013222120,0.013201540,13.999828148,1.000699746,20028.0045527528,175.927440437622,0.013201540,1057.764759,1049.823154,2.667411,0.039687178
202,1055.148851,1055.478247,1058.109726,0.013177144,0.013156633,13.904653332,1.000694991,20027.8141367846,174.731435626681,0.013156633,1054.159999,1046.245435,2.658321,0.039552178
203,1051.549832,1051.878107,1054.500625,0.013132281,0.013111840,13.810041647,1.000690264,20027.6248479371,173.542507359816,0.013111840,1050.564350,1042.676761,2.649254,0.039417518
204,1047.959911,1048.287067,1050.900647,0.013087530,0.013067159,13.715990048,1.000685564,20027.4366800812,172.360617347309,0.013067159,1046.977790,1039.117107,2.640209,0.039283196
205,1044.379064,1044.705104,1047.309769,0.013042892,0.013022589,13.622495503,1.000680893,20027.2496271604,171.185727494255,0.013022589,1043.400296,1035.566452,2.631188,0.039149210
206,1040.807267,1041.132194,1043.727966,0.012998365,0.012978132,13.529554998,1.000676249,20027.0636831203,170.017799922871,0.012978132,1039.831845,1032.024771,2.622189,0.039015561
207,1037.244499,1037.568315,1040.155217,0.012953951,0.012933786,13.437165531,1.000671633,20026.8788419608,168.856796935251,0.012933786,1036.272413,1028.492042,2.613213,0.038882247
208,1033.690736,1034.013444,1036.591497,0.012909647,0.012889552,13.345324121,1.000667044,20026.6950977159,167.702681035612,0.012889552,1032.721977,1024.968243,2.604260,0.038749267
209,1030.145954,1030.467558,1033.036785,0.012865455,0.012845429,13.254027798,1.000662482,20026.5124444144,166.555414922997,0.012845429,1029.180515,1021.453349,2.595329,0.038616621
210,1026.610131,1026.930633,1029.491056,0.012821374,0.012801416,13.163273610,1.000657947,20026.330876166,165.414961506141,0.012801416,1025.648004,1017.947340,2.586421,0.038484308
211,1023.083245,1023.402647,1025.954288,0.012777403,0.012757513,13.073058620,1.000653439,20026.1503870719,164.281283843569,0.012757513,1022.124420,1014.450191,2.577536,0.038352328
212,1019.565271,1019.883577,1022.426459,0.012733543,0.012713721,12.983379906,1.000648958,20025.9709712833,163.154345241009,0.012713721,1018.609741,1010.961881,2.568672,0.038220678
213,1016.056189,1016.373401,1018.907544,0.012689793,0.012670039,12.894234560,1.000644504,20025.7926229738,162.034109176436,0.012670039,1015.103944,1007.482387,2.559832,0.038089358
214,1012.555974,1012.872095,1015.397522,0.012646152,0.012626466,12.805619691,1.000640076,20025.6153363569,160.920539292656,0.012626466,1011.607007,1004.011686,2.551013,0.037958368
215,1009.064604,1009.379637,1011.896370,0.012602621,0.012583003,12.717532424,1.000635674,20025.4391056704,159.813599449612,0.012583003,1008.118907,1000.549755,2.542217,0.037827707
216,1005.582057,1005.896004,1008.404066,0.012559200,0.012539649,12.629969896,1.000631299,20025.2639251728,158.713253702076,0.012539649,1004.639622,997.096574,2.533443,0.037697374
217,1002.108310,1002.421175,1004.920585,0.012515887,0.012496404,12.542929260,1.000626950,20025.0897891848,157.619466269544,0.012496404,1001.169128,993.652118,2.524692,0.037567368
218,998.643341,998.955125,1001.445907,0.012472683,0.012453267,12.456407686,1.000622626,20024.9166920127,156.532201543798,0.012453267,997.707404,990.216366,2.515962,0.037437688
219,995.187127,995.497834,997.980009,0.012429587,0.012410238,12.370402356,1.000618329,20024.7446280131,155.451424163794,0.012410238,994.254427,986.789296,2.507255,0.037308333
220,991.739646,992.049278,994.522868,0.012386600,0.012367317,12.284910469,1.000614057,20024.5735915977,154.377098910845,0.012367317,990.810175,983.370886,2.498569,0.037179303
221,988.300876,988.609436,991.074462,0.012343720,0.012324504,12.199929236,1.000609810,20024.4035771661,153.309190745966,0.012324504,987.374625,979.961113,2.489906,0.037050597
222,984.870794,985.178285,987.634769,0.012300948,0.012281799,12.115455884,1.000605589,20024.2345791527,152.247664824934,0.012281799,983.947756,976.559956,2.481264,0.036922214
223,981.449379,981.755803,984.203766,0.012258284,0.012239201,12.031487656,1.000601393,20024.066592052,151.19248647583,0.012239201,980.529545,973.167392,2.472644,0.036794153
224,978.036608,978.341968,980.781431,0.012215726,0.012196709,11.948021807,1.000597223,20023.8996103673,150.143621228935,0.012196709,977.119970,969.783399,2.464046,0.036666414
225,974.632459,974.936758,977.367743,0.012173276,0.012154325,11.865055607,1.000593077,20023.7336286198,149.101034779322,0.012154325,973.719009,966.407956,2.455470,0.036538995
226,971.236910,971.540151,973.962679,0.012130931,0.012112046,11.782586341,1.000588956,20023.5686413703,148.064692994339,0.012112046,970.326641,963.041042,2.446915,0.036411896
227,967.849940,968.152125,970.566217,0.012088694,0.012069874,11.700611308,1.000584859,20023.4046432201,147.034561943575,0.012069874,966.942843,959.682633,2.438382,0.036285116
228,964.471526,964.772658,967.178335,0.012046562,0.012027808,11.619127820,1.000580788,20023.2416287818,146.010607831436,0.012027808,963.567593,956.332709,2.429870,0.036158654
229,961.101647,961.401728,963.799012,0.012004536,0.011985847,11.538133204,1.000576740,20023.0795927027,144.992797102022,0.011985847,960.200870,952.991248,2.421380,0.036032510
230,957.740281,958.039314,960.428225,0.011962615,0.011943991,11.457624802,1.000572717,20022.918529655,143.981096304283,0.011943991,956.842652,949.658228,2.412912,0.035906682
231,954.387406,954.685393,957.065954,0.011920800,0.011902241,11.377599967,1.000568718,20022.7584343432,142.975472226843,0.011902241,953.492918,946.333628,2.404465,0.035781170
232,951.043000,951.339945,953.712175,0.011879089,0.011860595,11.298056068,1.000564743,20022.5993014811,141.975891770708,0.011860595,950.151645,943.017426,2.396039,0.035655973
233,947.707042,948.002947,950.366868,0.011837483,0.011819054,11.218990488,1.000560792,20022.4411258591,140.982322069061,0.011819054,946.818812,939.709601,2.387634,0.035531091
234,944.379511,944.674379,947.030011,0.011795982,0.011777618,11.140400623,1.000556865,20022.2839022224,139.994730389912,0.011777618,943.494397,936.410132,2.379251,0.035406522
235,941.060385,941.354218,943.701582,0.011754585,0.011736285,11.062283882,1.000552961,20022.127625427,139.013084181032,0.011736285,940.178380,933.118997,2.370889,0.035282265
236,937.749643,938.042443,940.381561,0.011713292,0.011695056,10.984637689,1.000549081,20021.9722902831,138.037351047489,0.011695056,936.870738,929.836175,2.362548,0.035158321
237,934.447263,934.739033,937.069924,0.011672102,0.011653930,10.907459480,1.000545224,20021.8178916583,137.067498796583,0.011653930,933.571451,926.561646,2.354228,0.035034688
238,931.153223,931.443966,933.766652,0.011631016,0.011612908,10.830746704,1.000541391,20021.6644244512,136.103495392912,0.011612908,930.280497,923.295386,2.345929,0.034911365
239,927.867504,928.157222,930.471723,0.011590033,0.011571989,10.754496827,1.000537580,20021.5118835746,135.145308928391,0.011571989,926.997855,920.037377,2.337651,0.034788351
240,924.590082,924.878779,927.185116,0.011549153,0.011531172,10.678707323,1.000533793,20021.3602639924,134.192907704678,0.011531172,923.723504,916.787596,2.329394,0.034665647
241,921.320939,921.608616,923.906809,0.011508376,0.011490458,10.603375683,1.000530028,20021.2095606676,133.246260188212,0.011490458,920.457422,913.546023,2.321158,0.034543250
242,918.060051,918.346712,920.636781,0.011467701,0.011449846,10.528499411,1.000526286,20021.0597686034,132.305334995226,0.011449846,917.199589,910.312637,2.312942,0.034421161
243,914.807399,915.093045,917.375011,0.011427128,0.011409337,10.454076021,1.000522567,20020.910882801,131.370100914232,0.011409337,913.949984,907.087417,2.304747,0.034299378
244,911.562961,911.847595,914.121479,0.011386657,0.011368928,10.380103044,1.000518870,20020.7628983503,130.440526883541,0.011368928,910.708585,903.870342,2.296573,0.034177901
245,908.326717,908.610342,910.876163,0.011346287,0.011328622,10.306578020,1.000515196,20020.6158103111,129.516582021246,0.011328622,907.475372,900.661391,2.288420,0.034056729
246,905.098645,905.381263,907.639042,0.011306019,0.011288416,10.233498505,1.000511544,20020.4696137841,128.59823561768,0.011288416,904.250324,897.460545,2.280287,0.033935862
247,901.878724,902.160339,904.410096,0.011265852,0.011248312,10.160862067,1.000507914,20020.3243039063,127.685457075558,0.011248312,901.033419,894.267781,2.272175,0.033815297
248,898.666935,898.947548,901.189303,0.011225786,0.011208308,10.088666285,1.000504306,20020.1798758096,126.778216007298,0.011208308,897.824639,891.083080,2.264083,0.033695036
249,895.463256,895.742870,897.976643,0.011185820,0.011168404,10.016908754,1.000500720,20020.036324712,125.876482160166,0.011168404,894.623961,887.906421,2.256012,0.033575076
250,892.267667,892.546284,894.772096,0.011145955,0.011128601,9.945587078,1.000497156,20019.8936457938,124.980225453669,0.011128601,891.431365,884.737784,2.247961,0.033455418
251,889.080146,889.357769,891.575640,0.011106190,0.011088898,9.874698875,1.000493613,20019.751834289,124.08941594217,0.011088898,888.246830,881.577147,2.239931,0.033336060
252,885.900674,886.177306,888.387254,0.011066525,0.011049294,9.804241777,1.000490092,20019.6108854537,123.204023867281,0.011049294,885.070337,878.424492,2.231920,0.033217002
253,882.729231,883.004873,885.206920,0.011026959,0.011009790,9.734213426,1.000486592,20019.470794577,122.324019597904,0.011009790,881.901864,875.279797,2.223930,0.033098242
254,879.565795,879.840450,882.034615,0.010987492,0.010970385,9.664611478,1.000483114,20019.3315569429,121.449373675274,0.010970385,878.741391,872.143042,2.215960,0.032979781
255,876.410346,876.684017,878.870320,0.010948125,0.010931079,9.595433601,1.000479657,20019.1931679011,120.580056797888,0.010931079,875.588898,869.014208,2.208011,0.032861618
256,873.262864,873.535553,875.714014,0.010908857,0.010891871,9.526677474,1.000476220,20019.055622803,119.716039799063,0.010891871,872.444364,865.893273,2.200081,0.032743751
257,870.123328,870.395039,872.565676,0.010869687,0.010852763,9.458340789,1.000472805,20018.9189170272,118.857293684401,0.010852763,869.307770,862.780218,2.192171,0.032626180
258,866.991719,867.262453,869.425288,0.010830616,0.010813752,9.390421250,1.000469411,20018.7830459715,118.003789601816,0.010813752,866.179095,859.675023,2.184282,0.032508904
259,863.868017,864.137776,866.292827,0.010791642,0.010774839,9.322916575,1.000466037,20018.6480050627,117.155498841519,0.010774839,863.058318,856.577667,2.176412,0.032391923
260,860.752200,861.020988,863.168275,0.010752767,0.010736024,9.255824490,1.000462684,20018.5137897486,116.312392873522,0.010736024,859.945421,853.488131,2.168562,0.032275235
261,857.644250,857.912068,860.051611,0.010713989,0.010697307,9.189142736,1.000459352,20018.3803955122,115.47444326516,0.010697307,856.840382,850.406396,2.160732,0.032158841
262,854.544146,854.810997,856.942815,0.010675309,0.010658686,9.122869064,1.000456039,20018.2478178558,114.641621808508,0.010658686,853.743182,847.332440,2.152921,0.032042739
263,851.451867,851.717754,853.841867,0.010636725,0.010620163,9.057001240,1.000452748,20018.1160522784,113.813900370541,0.010620163,850.653801,844.266244,2.145131,0.031926928
264,848.367396,848.632320,850.748746,0.010598239,0.010581737,8.991537036,1.000449476,20017.9850943645,112.991251020439,0.010581737,847.572218,841.207790,2.137360,0.031811408
265,845.290710,845.554675,847.663434,0.010559849,0.010543407,8.926474242,1.000446224,20017.8549396446,112.173645917309,0.010543407,844.498415,838.157056,2.129608,0.031696179
266,842.221791,842.484799,844.585911,0.010521556,0.010505173,8.861810656,1.000442992,20017.7255837291,111.361057422451,0.010505173,841.432371,835.114023,2.121877,0.031581239
267,839.160619,839.422672,841.516155,0.010483359,0.010467035,8.797544087,1.000439780,20017.5970222404,110.553458009546,0.010467035,838.374067,832.078672,2.114164,0.031466587
268,836.107174,836.368275,838.454149,0.010445257,0.010428993,8.733672357,1.000436588,20017.4692508113,109.750820309538,0.010428993,835.323483,829.050983,2.106472,0.031352223
269,833.061437,833.321587,835.399871,0.010407252,0.010391047,8.670193301,1.000433416,20017.342265095,108.953117088226,0.010391047,832.280599,826.030936,2.098798,0.031238147
270,830.023388,830.282590,832.353303,0.010369342,0.010353196,8.607104761,1.000430263,20017.2160607778,108.160321268683,0.010353196,829.245395,823.018513,2.091144,0.031124357
271,826.993007,827.251264,829.314425,0.010331527,0.010315439,8.544404594,1.000427129,20017.0906335737,107.372405893839,0.010315439,826.217853,820.013694,2.083510,0.031010853
272,823.970274,824.227589,826.283217,0.010293807,0.010277778,8.482090667,1.000424015,20016.9659792086,106.589344156412,0.010277778,823.197953,817.016459,2.075894,0.030897634
273,820.955172,821.211545,823.259659,0.010256182,0.010240212,8.420160858,1.000420919,20016.8420934541,105.811109406405,0.010240212,820.185675,814.026790,2.068298,0.030784699
274,817.947679,818.203114,820.243733,0.010218651,0.010202739,8.358613056,1.000417843,20016.7189720391,105.037675106224,0.010202739,817.181000,811.044666,2.060721,0.030672048
275,814.947777,815.202277,817.235419,0.010181215,0.010165361,8.297445163,1.000414786,20016.5966107965,104.269014890473,0.010165361,814.183909,808.070069,2.053163,0.030559680
276,811.955447,812.209013,814.234697,0.010143873,0.010128077,8.236655089,1.000411748,20016.475005543,103.505102506176,0.010128077,811.194382,805.102980,2.045624,0.030447595
277,808.970668,809.223303,811.241549,0.010106624,0.010090886,8.176240756,1.000408728,20016.354152102,102.745911842632,0.010090886,808.212400,802.143380,2.038104,0.030335790
278,805.993423,806.245129,808.255955,0.010069469,0.010053789,8.116200099,1.000405728,20016.2340463489,101.991416923965,0.010053789,805.237944,799.191249,2.030604,0.030224267
279,803.023692,803.274471,805.277895,0.010032407,0.010016785,8.056531061,1.000402745,20016.1146841597,101.241591931616,0.010016785,802.270995,796.246569,2.023122,0.030113023
280,800.061455,800.311310,802.307351,0.009995439,0.009979874,7.997231598,1.000399782,20015.9960614492,100.496411151859,0.009979874,799.311533,793.309320,2.015659,0.030002060
281,797.106694,797.355628,799.344304,0.009958563,0.009943056,7.938299674,1.000396836,20015.8781741364,99.7558490357666,0.009943056,796.359541,790.379485,2.008215,0.029891374
282,794.159390,794.407404,796.388735,0.009921780,0.009906330,7.879733267,1.000393909,20015.7610181851,99.0198801317883,0.009906330,793.414998,787.457043,2.000789,0.029780967
283,791.219524,791.466620,793.440624,0.009885089,0.009869696,7.821530364,1.000391000,20015.6445895474,98.2884791681271,0.009869696,790.477886,784.541976,1.993383,0.029670837
284,788.287076,788.533258,790.499952,0.009848491,0.009833154,7.763688961,1.000388109,20015.5288842079,97.561620970369,0.009833154,787.548186,781.634266,1.985995,0.029560984
285,785.362029,785.607298,787.566702,0.009811984,0.009796705,7.706207068,1.000385236,20015.4138982104,96.8392804988974,0.009796705,784.625879,778.733894,1.978625,0.029451407
286,782.444363,782.688722,784.640853,0.009775569,0.009760346,7.649082702,1.000382381,20015.2996275478,96.1214328714143,0.009760346,781.710947,775.840841,1.971275,0.029342105
287,779.534059,779.777510,781.722387,0.009739246,0.009724080,7.592313894,1.000379544,20015.1860683201,95.408053317989,0.009724080,778.803370,772.955088,1.963942,0.029233078
288,776.631100,776.873645,778.811286,0.009703014,0.009687904,7.535898681,1.000376724,20015.0732165807,94.6991171809882,0.009687904,775.903130,770.076618,1.956629,0.029124324
289,773.735465,773.977107,775.907530,0.009666873,0.009651819,7.479835114,1.000373922,20014.9610684134,93.9945999825934,0.009651819,773.010208,767.205410,1.949334,0.029015844
290,770.847137,771.087877,773.011102,0.009630822,0.009615825,7.424121253,1.000371137,20014.8496199322,93.2944773198587,0.009615825,770.124587,764.341448,1.942057,0.028907636
291,767.966097,768.205939,770.121981,0.009594862,0.009579921,7.368755168,1.000368370,20014.7388672976,92.5987249396742,0.009579921,767.246246,761.484713,1.934798,0.028799700
292,765.092327,765.331271,767.240151,0.009558993,0.009544107,7.313734939,1.000365620,20014.6288066596,91.9073187386856,0.009544107,764.375168,758.635186,1.927558,0.028692036
293,762.225807,762.463858,764.365592,0.009523214,0.009508383,7.259058656,1.000362887,20014.5194341783,91.2202347109435,0.009508383,761.511335,755.792849,1.920336,0.028584641
294,759.366521,759.603679,761.498285,0.009487524,0.009472749,7.204724421,1.000360171,20014.4107460731,90.5374489553719,0.009472749,758.654727,752.957683,1.913133,0.028477517
295,756.514448,756.750716,758.638214,0.009451924,0.009437205,7.150730342,1.000357473,20014.3027385513,89.8589377730811,0.009437205,755.805327,750.129672,1.905947,0.028370661
296,753.669572,753.904952,755.785358,0.009416414,0.009401750,7.097074541,1.000354791,20014.1954078528,89.1846775101851,0.009401750,752.963116,747.308795,1.898780,0.028264075
297,750.831873,751.066368,752.939700,0.009380993,0.009366384,7.043755148,1.000352126,20014.0887502208,88.5146446850052,0.009366384,750.128076,744.495036,1.891631,0.028157755
298,748.001334,748.234946,750.101221,0.009345661,0.009331107,6.990770303,1.000349477,20013.9827619519,87.8488159207764,0.009331107,747.300189,741.688376,1.884499,0.028051703
299,745.177936,745.410667,747.269904,0.009310417,0.009295918,6.938118155,1.000346846,20013.8774393307,87.1871679830173,0.009295918,744.479437,738.888798,1.877386,0.027945918
300,742.361662,742.593514,744.445730,0.009275263,0.009260818,6.885796865,1.000344231,20013.7727786667,86.5296777196713,0.009260818,741.665801,736.096282,1.870291,0.027840398
301,739.552492,739.783467,741.628681,0.009240196,0.009225806,6.833804601,1.000341632,20013.6687763286,85.876322135931,0.009225806,738.859264,733.310812,1.863214,0.027735144
302,736.750410,736.980511,738.818739,0.009205218,0.009190882,6.782139542,1.000339049,20013.565428627,85.2270783418808,0.009190882,736.059807,730.532369,1.856154,0.027630153
#303,733.955396,734.184625,736.015886,0.009170327,0.009156046,6.730799877,1.000336483,20013.4627319603,84.5819235749302,0.009156046,733.267412,727.760936,1.849112,0.027525427
#304,731.167434,731.395793,733.220103,0.009135524,0.009121297,6.679783805,1.000333933,20013.3606827208,83.9408352073116,0.009121297,730.482063,724.996495,1.842088,0.027420964
#305,728.386505,728.613996,730.431374,0.009100809,0.009086636,6.629089531,1.000331400,20013.2592773233,83.3037906861628,0.009086636,727.703739,722.239028,1.835082,0.027316763
#306,725.612592,725.839217,727.649679,0.009066181,0.009052062,6.578715274,1.000328882,20013.1585121838,82.6707676159,0.009052062,724.932425,719.488517,1.828094,0.027212824
#307,722.845676,723.071438,724.875002,0.009031640,0.009017574,6.528659260,1.000326380,20013.0583837672,82.0417437207987,0.009017574,722.168102,716.744944,1.821123,0.027109146
#308,720.085740,720.310641,722.107324,0.008997185,0.008983174,6.478919724,1.000323894,20012.9588885153,81.4166968150234,0.008983174,719.410752,714.008293,1.814169,0.027005729
#309,717.332767,717.556808,719.346628,0.008962818,0.008948859,6.429494911,1.000321423,20012.8600229506,80.7956048475286,0.008948859,716.660358,711.278546,1.807234,0.026902571
#310,714.586738,714.809922,716.592895,0.008928536,0.008914631,6.380383076,1.000318968,20012.7617835615,80.1784458721658,0.008914631,713.916902,708.555684,1.800315,0.026799673
#311,711.847635,712.069965,713.846109,0.008894341,0.008880489,6.331582481,1.000316529,20012.6641668636,79.5651980925712,0.008880489,711.180367,705.839691,1.793415,0.026697033
#312,709.115442,709.336919,711.106252,0.008860232,0.008846433,6.283091400,1.000314105,20012.567169424,78.9558397722988,0.008846433,708.450734,703.130549,1.786531,0.026594652
#313,706.390141,706.610768,708.373306,0.008826208,0.008812462,6.234908115,1.000311697,20012.4707877715,78.350349324724,0.008812462,705.727986,700.428241,1.779665,0.026492527
#314,703.671714,703.891493,705.647253,0.008792270,0.008778577,6.187030915,1.000309304,20012.3750185233,77.7487052905293,0.008778577,703.012107,697.732749,1.772816,0.026390659
#315,700.960145,701.179076,702.928076,0.008758417,0.008744776,6.139458100,1.000306926,20012.2798582322,77.1508862778378,0.008744776,700.303078,695.044057,1.765985,0.026289047
#316,698.255414,698.473502,700.215758,0.008724649,0.008711061,6.092187980,1.000304563,20012.1853035395,76.5568710370674,0.008711061,697.600882,692.362146,1.759171,0.026187691
#317,695.557506,695.774752,697.510281,0.008690966,0.008677431,6.045218872,1.000302215,20012.0913510966,75.9666384384803,0.008677431,694.905502,689.687000,1.752373,0.026086589
#318,692.866403,693.082808,694.811628,0.008657368,0.008643885,5.998549102,1.000299882,20011.9979975122,75.3801674422188,0.008643885,692.216920,687.018602,1.745594,0.025985741
#319,690.182087,690.397655,692.119782,0.008623854,0.008610423,5.952177006,1.000297565,20011.9052394666,74.7974371357633,0.008610423,689.535120,684.356934,1.738831,0.025885147
#320,687.504542,687.719274,689.434725,0.008590424,0.008577045,5.906100928,1.000295261,20011.8130736339,74.2184267039738,0.008577045,686.860083,681.701979,1.732085,0.025784805
321,684.833749,685.047648,686.756440,0.008557079,0.008543752,5.860319220,1.000292973,20011.7214967751,73.6431154440404,0.008543752,684.191794,679.053721,1.725356,0.025684716
322,682.169693,682.382761,684.084910,0.008523817,0.008510541,5.814830244,1.000290699,20011.6305055465,73.071482780508,0.008510541,681.530234,676.412142,1.718645,0.025584878
323,679.512356,679.724594,681.420118,0.008490638,0.008477415,5.769632371,1.000288440,20011.5400967113,72.5035082202951,0.008477415,678.875388,673.777226,1.711950,0.025485291
324,676.861721,677.073132,678.762046,0.008457544,0.008444371,5.724723978,1.000286195,20011.4502670395,71.9391714051647,0.008444371,676.227236,671.148955,1.705272,0.025385954
325,674.217771,674.428357,676.110679,0.008424532,0.008411411,5.680103454,1.000283965,20011.3610132653,71.3784520442676,0.008411411,673.585764,668.527313,1.698611,0.025286867
326,671.580490,671.790252,673.465998,0.008391603,0.008378534,5.635769194,1.000281749,20011.2723322079,70.8213299965725,0.008378534,670.950954,665.912282,1.691966,0.025188029
327,668.949859,669.158800,670.827986,0.008358757,0.008345739,5.591719602,1.000279547,20011.1842206747,70.2677852109279,0.008345739,668.322788,663.303847,1.685339,0.025089439
328,666.325862,666.533984,668.196628,0.008325994,0.008313026,5.547953092,1.000277359,20011.0966754741,69.7177977335472,0.008313026,665.701250,660.701990,1.678728,0.024991097
329,663.708483,663.915789,665.571906,0.008293313,0.008280396,5.504468083,1.000275186,20011.0096934417,69.1713477155152,0.008280396,663.086324,658.106695,1.672134,0.024893002
330,661.097705,661.304195,662.953802,0.008260714,0.008247848,5.461263006,1.000273026,20010.9232714486,68.6284154427377,0.008247848,660.477992,655.517945,1.665556,0.024795154
331,658.493511,658.699188,660.342301,0.008228197,0.008215381,5.418336299,1.000270880,20010.8374063483,68.0889812760182,0.008215381,657.876238,652.935724,1.658995,0.024697552
332,655.895884,656.100750,657.737386,0.008195761,0.008182996,5.375686407,1.000268748,20010.7520950517,67.5530256660498,0.008182996,655.281046,650.360014,1.652451,0.024600195
333,653.304807,653.508865,655.139040,0.008163407,0.008150693,5.333311784,1.000266630,20010.6673344726,67.02052920582,0.008150693,652.692397,647.790800,1.645923,0.024503082
334,650.720265,650.923516,652.547246,0.008131135,0.008118471,5.291210893,1.000264526,20010.5831215215,66.4914725707283,0.008118471,650.110277,645.228065,1.639411,0.024406214
335,648.142240,648.344687,649.961988,0.008098944,0.008086330,5.249382205,1.000262435,20010.4994531199,65.9658365335426,0.008086330,647.534668,642.671792,1.632916,0.024309589
336,645.570717,645.772360,647.383249,0.008066833,0.008054269,5.207824197,1.000260357,20010.4163262587,65.4436019943542,0.008054269,644.965554,640.121966,1.626438,0.024213208
337,643.005677,643.206520,644.811012,0.008034803,0.008022289,5.166535357,1.000258293,20010.3337378628,64.9247499206733,0.008022289,642.402919,637.578570,1.619975,0.024117068
338,640.447106,640.647150,642.245262,0.008002854,0.007990390,5.125514179,1.000256243,20010.2516849608,64.4092613848704,0.007990390,639.846745,635.041587,1.613529,0.024021170
339,637.894986,638.094234,639.685982,0.007970985,0.007958570,5.084759166,1.000254206,20010.1701645318,63.8971175791569,0.007958570,637.297017,632.511002,1.607100,0.023925513
340,635.349302,635.547755,637.133155,0.007939196,0.007926831,5.044268828,1.000252182,20010.0891736155,63.3882997931213,0.007926831,634.753719,629.986797,1.600686,0.023830096
341,632.810037,633.007698,634.586765,0.007907487,0.007895171,5.004041683,1.000250171,20010.0087092141,62.8827894062308,0.007895171,632.216833,627.468958,1.594289,0.023734919
342,630.277175,630.474045,632.046795,0.007875858,0.007863591,4.964076258,1.000248173,20009.9287684192,62.3805678953208,0.007863591,629.686345,624.957467,1.587908,0.023639982
343,627.750699,627.946780,629.513230,0.007844308,0.007832091,4.924371087,1.000246188,20009.8493482421,61.8816168196239,0.007832091,627.162237,622.452310,1.581542,0.023545283
344,625.230594,625.425888,626.986053,0.007812838,0.007800669,4.884924710,1.000244216,20009.7704458262,61.3859178806802,0.007800669,624.644493,619.953468,1.575193,0.023450822
345,622.716842,622.911352,624.465249,0.007781447,0.007769327,4.845735679,1.000242257,20009.6920582353,60.8934528324719,0.007769327,622.133097,617.460928,1.568860,0.023356599
346,620.209429,620.403156,621.950800,0.007750134,0.007738063,4.806802550,1.000240311,20009.6141825909,60.4042035563086,0.007738063,619.628034,614.974672,1.562543,0.023262612
347,617.708338,617.901285,619.442691,0.007718900,0.007706878,4.768123887,1.000238378,20009.5368160005,59.9181520158767,0.007706878,617.129287,612.494686,1.556242,0.023168862
348,615.213554,615.405721,616.940905,0.007687745,0.007675771,4.729698263,1.000236457,20009.4599556398,59.4352802647611,0.007675771,614.636840,610.020952,1.549957,0.023075347
349,612.725059,612.916450,614.445428,0.007656668,0.007644743,4.691524259,1.000234549,20009.3835986389,58.9555704314593,0.007644743,612.150678,607.553455,1.543687,0.022982068
350,610.242838,610.433454,611.956242,0.007625670,0.007613792,4.653600460,1.000232653,20009.3077421803,58.4790048241997,0.007613792,609.670784,605.092179,1.537433,0.022889022
351,607.766876,607.956719,609.473332,0.007594749,0.007582919,4.615925463,1.000230770,20009.2323834739,58.0055657437477,0.007582919,607.197142,602.637110,1.531196,0.022796211
352,605.297156,605.486228,606.996682,0.007563906,0.007552124,4.578497870,1.000228899,20009.157519687,57.5352356256828,0.007552124,604.729737,600.188230,1.524973,0.022703633
353,602.833663,603.021966,604.526276,0.007533140,0.007521407,4.541316290,1.000227040,20009.0831480587,57.0679970254211,0.007521407,602.268552,597.745524,1.518767,0.022611288
354,600.376381,600.563917,602.062098,0.007502452,0.007490766,4.504379340,1.000225194,20009.0092658111,56.6038325433293,0.007490766,599.813573,595.308976,1.512576,0.022519175
355,597.925294,598.112064,599.604133,0.007471841,0.007460203,4.467685646,1.000223359,20008.9358701866,56.1427249071101,0.007460203,597.364783,592.878572,1.506401,0.022427293
356,595.480386,595.666393,597.152364,0.007441306,0.007429716,4.431233838,1.000221537,20008.8629584724,55.6846569043636,0.007429716,594.922167,590.454295,1.500241,0.022335643
357,593.041643,593.226888,594.706776,0.007410849,0.007399306,4.395022556,1.000219727,20008.7905279096,55.2296114500486,0.007399306,592.485708,588.036130,1.494097,0.022244223
358,590.609047,590.793533,592.267354,0.007380468,0.007368972,4.359050445,1.000217929,20008.7185758198,54.777571519043,0.007368972,590.055393,585.624061,1.487968,0.022153032
359,588.182584,588.366313,589.834082,0.007350164,0.007338715,4.323316160,1.000216142,20008.6470995043,54.328520198557,0.007338715,587.631204,583.218073,1.481855,0.022062071
360,585.762238,585.945211,587.406944,0.007319935,0.007308534,4.287818361,1.000214368,20008.576096243,53.8824406432379,0.007308534,585.213126,580.818151,1.475757,0.021971339
361,583.347994,583.530213,584.985925,0.007289783,0.007278429,4.252555715,1.000212605,20008.5055634363,53.4393161350383,0.007278429,582.801145,578.424279,1.469675,0.021880834
362,580.939836,581.121304,582.571009,0.007259707,0.007248399,4.217526896,1.000210854,20008.4354983823,52.9991299933834,0.007248399,580.395244,576.036442,1.463608,0.021790557
363,578.537749,578.718466,580.162180,0.007229706,0.007218445,4.182730588,1.000209115,20008.3658984534,52.5618656575356,0.007218445,577.995408,573.654625,1.457556,0.021700508
364,576.141717,576.321687,577.759425,0.007199780,0.007188566,4.148165478,1.000207387,20008.2967610522,52.1275066566353,0.007188566,575.601621,571.278812,1.451520,0.021610684
365,573.751725,573.930949,575.362726,0.007169930,0.007158762,4.113830262,1.000205670,20008.2280835256,51.6960365947247,0.007158762,573.213870,568.908988,1.445498,0.021521086
366,571.367759,571.546238,572.972068,0.007140155,0.007129033,4.079723642,1.000203965,20008.1598632966,51.2674391807156,0.007129033,570.832137,566.545138,1.439492,0.021431714
367,568.989801,569.167538,570.587437,0.007110455,0.007099379,4.045844328,1.000202272,20008.0920977923,50.8416981684512,0.007099379,568.456408,564.187247,1.433501,0.021342566
368,566.617838,566.794834,568.208818,0.007080829,0.007069800,4.012191037,1.000200589,20008.0247844485,50.4187974465944,0.007069800,566.086668,561.835300,1.427525,0.021253643
369,564.251854,564.428112,565.836194,0.007051278,0.007040294,3.978762491,1.000198918,20007.95792068,49.9987209712411,0.007040294,563.722902,559.489281,1.421565,0.021164943
370,561.891835,562.067355,563.469551,0.007021801,0.007010863,3.945557421,1.000197258,20007.8915039459,49.5814527808534,0.007010863,561.365094,557.149177,1.415619,0.021076465
371,559.537764,559.712549,561.108873,0.006992398,0.006981506,3.912574563,1.000195610,20007.8255317501,49.1669769888135,0.006981506,559.013230,554.814971,1.409688,0.020988211
372,557.189627,557.363679,558.754146,0.006963069,0.006952223,3.879812659,1.000193972,20007.7600015556,48.7552777983723,0.006952223,556.667294,552.486649,1.403772,0.020900178
373,554.847409,555.020730,556.405355,0.006933814,0.006923014,3.847270461,1.000192345,20007.6949108983,48.346339532631,0.006923014,554.327271,550.164196,1.397871,0.020812367
374,552.511095,552.683686,554.062484,0.006904633,0.006893878,3.814946725,1.000190729,20007.6302572365,47.9401465221787,0.006893878,551.993146,547.847598,1.391985,0.020724776
375,550.180670,550.352534,551.725518,0.006875524,0.006864815,3.782840215,1.000189124,20007.5660381107,47.5366832773705,0.006864815,549.664905,545.536838,1.386114,0.020637406
376,547.856119,548.027257,549.394443,0.006846489,0.006835825,3.750949699,1.000187530,20007.5022510679,47.1359343010654,0.006835825,547.342533,543.231903,1.380258,0.020550255
377,545.537427,545.707841,547.069244,0.006817527,0.006806908,3.719273955,1.000185946,20007.4388936727,46.7378842234612,0.006806908,545.026014,540.932778,1.374416,0.020463323
378,543.224579,543.394271,544.749905,0.006788638,0.006778064,3.687811765,1.000184374,20007.3759634389,46.3425177646369,0.006778064,542.715334,538.639448,1.368589,0.020376610
379,540.917561,541.086533,542.436412,0.006759822,0.006749292,3.656561918,1.000182811,20007.3134580392,45.9498196970995,0.006749292,540.410479,536.351899,1.362777,0.020290115
380,538.616358,538.784611,540.128750,0.006731078,0.006720593,3.625523211,1.000181260,20007.25137497,45.5597748832304,0.006720593,538.111433,534.070115,1.356979,0.020203838
381,536.320955,536.488492,537.826905,0.006702406,0.006691966,3.594694446,1.000179719,20007.1897118949,45.1723682828121,0.006691966,535.818181,531.794083,1.351196,0.020117777
382,534.031338,534.198159,535.530861,0.006673806,0.006663410,3.564074431,1.000178188,20007.1284663743,44.7875849304961,0.006663410,533.530709,529.523787,1.345428,0.020031933
383,531.747491,531.913600,533.240605,0.006645278,0.006634927,3.533661980,1.000176667,20007.0676360577,44.4054099133777,0.006634927,531.249003,527.259213,1.339674,0.019946304
384,529.469401,529.634798,530.956120,0.006616822,0.006606515,3.503455916,1.000175157,20007.0072186355,44.0258284309026,0.006606515,528.973048,525.000348,1.333934,0.019860891
385,527.197052,527.361740,528.677394,0.006588437,0.006578175,3.473455066,1.000173658,20006.9472117026,43.6488257349605,0.006578175,526.702829,522.747175,1.328210,0.019775693
386,524.930431,525.094410,526.404410,0.006560124,0.006549906,3.443658262,1.000172168,20006.8876129551,43.2743871822796,0.006549906,524.438332,520.499681,1.322499,0.019690709
387,522.669522,522.832796,524.137156,0.006531882,0.006521708,3.414064346,1.000170689,20006.8284200244,42.9024981970177,0.006521708,522.179542,518.257852,1.316803,0.019605938
388,520.414311,520.576881,521.875615,0.006503711,0.006493580,3.384672163,1.000169219,20006.769630684,42.5331442707424,0.006493580,519.926445,516.021673,1.311121,0.019521381
389,518.164784,518.326651,519.619774,0.006475611,0.006465524,3.355480566,1.000167760,20006.7112425399,42.166310984892,0.006465524,517.679027,513.791130,1.305454,0.019437036
390,515.920927,516.082093,517.369619,0.006447582,0.006437538,3.326488412,1.000166311,20006.6532534194,41.8019839883308,0.006437538,515.437272,511.566208,1.299801,0.019352904
391,513.682724,513.843192,515.125134,0.006419623,0.006409623,3.297694567,1.000164871,20006.5956609437,41.4401490048122,0.006409623,513.201168,509.346894,1.294162,0.019268983
392,511.450163,511.609933,512.886306,0.006391734,0.006381777,3.269097900,1.000163442,20006.5384629403,41.0807918554688,0.006381777,510.970699,507.133173,1.288537,0.019185273
393,509.223227,509.382303,510.653120,0.006363915,0.006354002,3.240697289,1.000162022,20006.4816570816,40.7238984063712,0.006354002,508.745851,504.925032,1.282927,0.019101773
394,507.001905,507.160286,508.425562,0.006336167,0.006326297,3.212491615,1.000160612,20006.4252412079,40.3694546359472,0.006326297,506.526610,502.722455,1.277330,0.019018484
395,504.786180,504.943870,506.203619,0.006308488,0.006298661,3.184479767,1.000159211,20006.3692130193,40.0174465375957,0.006298661,504.312962,500.525429,1.271748,0.018935403
396,502.576039,502.733039,503.987274,0.006280879,0.006271095,3.156660639,1.000157821,20006.3135703304,39.667860254528,0.006271095,502.104893,498.333940,1.266180,0.018852532
397,500.371468,500.527779,501.776515,0.006253339,0.006243598,3.129033132,1.000156439,20006.2583109859,39.3206819524221,0.006243598,499.902388,496.147974,1.260626,0.018769869
398,498.172453,498.328078,499.571328,0.006225868,0.006216170,3.101596152,1.000155068,20006.2034327473,38.9758978718548,0.006216170,497.705434,493.967516,1.255086,0.018687414
399,495.978980,496.133919,497.371697,0.006198467,0.006188811,3.074348610,1.000153706,20006.1489334746,38.633494373251,0.006188811,495.514017,491.792554,1.249559,0.018605167
400,493.791034,493.945290,495.177610,0.006171134,0.006161521,3.047289424,1.000152353,20006.0948109565,38.2934578170319,0.006161521,493.328122,489.623073,1.244047,0.018523126
401,491.608602,491.762177,492.989052,0.006143870,0.006134300,3.020417518,1.000151009,20006.0410630857,37.9557746909514,0.006134300,491.147735,487.459059,1.238549,0.018441291
402,489.431670,489.584564,490.806009,0.006116675,0.006107147,2.993731820,1.000149675,20005.9876876735,37.6204315501785,0.006107147,488.972843,485.300498,1.233064,0.018359663
403,487.260223,487.412440,488.628467,0.006089548,0.006080062,2.967231267,1.000148351,20005.9346826205,37.2874149948177,0.006080062,486.803432,483.147377,1.227593,0.018278239
404,485.094249,485.245789,486.456413,0.006062489,0.006053046,2.940914798,1.000147035,20005.882045812,36.9567117223492,0.006053046,484.639488,480.999682,1.222137,0.018197021
405,482.933732,483.084598,484.289832,0.006035499,0.006026097,2.914781360,1.000145728,20005.8297750574,36.6283084826823,0.006026097,482.480997,478.857399,1.216693,0.018116006
406,480.778660,480.928853,482.128711,0.006008576,0.005999216,2.888829905,1.000144431,20005.777868414,36.302192115612,0.005999216,480.327945,476.720515,1.211264,0.018035195
407,478.629019,478.778541,479.973035,0.005981721,0.005972403,2.863059390,1.000143143,20005.726323645,35.97834951336,0.005972403,478.180318,474.589015,1.205848,0.017954588
408,476.484795,476.633646,477.822792,0.005954933,0.005945657,2.837468778,1.000141863,20005.675138823,35.6567676505394,0.005945657,476.038104,472.462886,1.200446,0.017874183
409,474.345973,474.494157,475.677967,0.005928213,0.005918979,2.812057038,1.000140593,20005.6243117259,35.3374335616894,0.005918979,473.901287,470.342116,1.195058,0.017793981
410,472.212542,472.360059,473.538546,0.005901560,0.005892367,2.786823143,1.000139331,20005.5738404258,35.0203343487559,0.005892367,471.769855,468.226689,1.189683,0.017713980
411,470.084486,470.231339,471.404517,0.005874974,0.005865823,2.761766075,1.000138079,20005.5237228133,34.7054572035713,0.005865823,469.643794,466.116593,1.184321,0.017634180
412,467.961792,468.107982,469.275865,0.005848455,0.005839345,2.736884816,1.000136835,20005.4739568784,34.3927893554134,0.005839345,467.523090,464.011813,1.178973,0.017554581
413,465.844448,465.989976,467.152576,0.005822003,0.005812934,2.712178359,1.000135600,20005.4245405845,34.082318138424,0.005812934,465.407730,461.912338,1.173639,0.017475182
414,463.732438,463.877307,465.034638,0.005795617,0.005786589,2.687645699,1.000134373,20005.375471972,33.7740309092226,0.005786589,463.297700,459.818153,1.168318,0.017395983
415,461.625750,461.769962,462.922037,0.005769298,0.005760310,2.663285836,1.000133155,20005.3267489883,33.4679151292754,0.005760310,461.192987,457.729244,1.163010,0.017316983
416,459.524371,459.667926,460.814758,0.005743044,0.005734098,2.639097778,1.000131946,20005.2783696547,33.1639583199863,0.005734098,459.093577,455.645600,1.157716,0.017238182
417,457.428286,457.571187,458.712790,0.005716857,0.005707951,2.615080537,1.000130745,20005.2303320172,32.8621480626698,0.005707951,456.999458,453.567205,1.152435,0.017159578
418,455.337483,455.479731,456.616117,0.005690735,0.005681870,2.591233129,1.000129553,20005.1826341204,32.5624719985657,0.005681870,454.910614,451.494047,1.147168,0.017081173
419,453.251948,453.393545,454.524728,0.005664680,0.005655855,2.567554577,1.000128369,20005.1352739358,32.2649178363247,0.005655855,452.827034,449.426114,1.141914,0.017002965
420,451.171668,451.312615,452.438608,0.005638689,0.005629906,2.544043909,1.000127194,20005.0882495934,31.9694733744793,0.005629906,450.748704,447.363390,1.136673,0.016924953
421,449.096630,449.236929,450.357745,0.005612765,0.005604021,2.520700157,1.000126027,20005.0415591684,31.6761264565038,0.005604021,448.675611,445.305864,1.131445,0.016847138
422,447.026820,447.166472,448.282124,0.005586905,0.005578202,2.497522359,1.000124868,20004.9952006701,31.3848649782992,0.005578202,446.607741,443.253523,1.126230,0.016769518
423,444.962225,445.101232,446.211733,0.005561110,0.005552447,2.474509560,1.000123718,20004.9491721565,31.0956769331474,0.005552447,444.545081,441.206352,1.121029,0.016692094
424,442.902832,443.041196,444.146559,0.005535381,0.005526758,2.451660806,1.000122576,20004.9034718546,30.8085503442821,0.005526758,442.487618,439.164340,1.115840,0.016614864
425,440.848628,440.986350,442.086588,0.005509716,0.005501133,2.428975151,1.000121441,20004.8580978058,30.5234733472939,0.005501133,440.435340,437.127472,1.110665,0.016537828
426,438.799599,438.936682,440.031807,0.005484115,0.005475572,2.406451654,1.000120315,20004.8130480979,30.2404340702829,0.005475572,438.388232,435.095737,1.105503,0.016460987
427,436.755733,436.892178,437.982204,0.005458579,0.005450076,2.384089379,1.000119197,20004.7683208548,29.9594207686778,0.005450076,436.346282,433.069121,1.100353,0.016384338
428,434.717017,434.852825,435.937764,0.005433107,0.005424643,2.361887393,1.000118087,20004.7239142461,29.6804217353677,0.005424643,434.309476,431.047611,1.095217,0.016307882
429,432.683437,432.818610,433.898475,0.005407699,0.005399275,2.339844770,1.000116985,20004.6798263777,29.4034253156614,0.005399275,432.277803,429.031194,1.090094,0.016231619
430,430.654981,430.789520,431.864324,0.005382356,0.005373971,2.317960588,1.000115891,20004.6360555058,29.1284199372654,0.005373971,430.251248,427.019857,1.084983,0.016155547
431,428.631635,428.765542,429.835299,0.005357075,0.005348730,2.296233932,1.000114805,20004.5925996985,28.8553940803185,0.005348730,428.229799,425.013588,1.079886,0.016079667
432,426.613387,426.746664,427.811385,0.005331859,0.005323553,2.274663889,1.000113727,20004.5494570762,28.5843362923679,0.005323553,426.213443,423.012374,1.074801,0.016003978
433,424.600224,424.732872,425.792570,0.005306706,0.005298439,2.253249553,1.000112656,20004.5066260192,28.3152351883736,0.005298439,424.202167,421.016202,1.069729,0.015928479
434,422.592133,422.724154,423.778842,0.005281616,0.005273388,2.231990021,1.000111593,20004.4641045889,28.0480793982754,0.005273388,422.195958,419.025059,1.064670,0.015853169
435,420.589101,420.720497,421.770187,0.005256589,0.005248400,2.210884396,1.000110538,20004.4218910134,27.782857671855,0.005248400,420.194804,417.038932,1.059624,0.015778050
436,418.591116,418.721887,419.766592,0.005231625,0.005223475,2.189931787,1.000109491,20004.3799834511,27.5195588038369,0.005223475,418.198692,415.057810,1.054590,0.015703119
437,416.598164,416.728313,417.768045,0.005206724,0.005198613,2.169131305,1.000108451,20004.3383802013,27.2581716263981,0.005198613,416.207608,413.081678,1.049569,0.015628377
438,414.610234,414.739762,415.774534,0.005181886,0.005173813,2.148482068,1.000107418,20004.2970795179,26.9986850541,0.005173813,414.221541,411.110525,1.044561,0.015553822
439,412.627311,412.756220,413.786044,0.005157110,0.005149076,2.127983198,1.000106393,20004.2560795854,26.741088068923,0.005149076,412.240477,409.144338,1.039565,0.015479455
440,410.649384,410.777675,411.802564,0.005132396,0.005124401,2.107633822,1.000105376,20004.2153786856,26.4853696603317,0.005124401,410.264404,407.183105,1.034582,0.015405276
441,408.676440,408.804115,409.824082,0.005107745,0.005099788,2.087433070,1.000104366,20004.1749750879,26.2315189226598,0.005099788,408.293310,405.226813,1.029611,0.015331282
442,406.708467,406.835527,407.850583,0.005083155,0.005075236,2.067380079,1.000103364,20004.1348669752,25.979525025136,0.005075236,406.327181,403.275449,1.024653,0.015257475
443,404.745451,404.871898,405.882056,0.005058628,0.005050747,2.047473990,1.000102368,20004.0950528164,25.7293771519727,0.005050747,404.366005,401.329001,1.019707,0.015183854
444,402.787381,402.913217,403.918489,0.005034162,0.005026319,2.027713948,1.000101381,20004.0555306595,25.4810645622816,0.005026319,402.409771,399.387457,1.014774,0.015110418
445,400.834244,400.959469,401.959868,0.005009757,0.005001953,2.008099103,1.000100400,20004.0162990013,25.2345765601224,0.005001953,400.458464,397.450804,1.009854,0.015037166
446,398.886027,399.010644,400.006181,0.004985414,0.004977648,1.988628609,1.000099426,20003.9773560656,24.9899025469141,0.004977648,398.512073,395.519030,1.004945,0.014964099
447,396.942718,397.066728,398.057417,0.004961133,0.004953404,1.969301626,1.000098460,20003.9387002257,24.747031946559,0.004953404,396.570586,393.592123,1.000049,0.014891215
448,395.004304,395.127709,396.113561,0.004936912,0.004929221,1.950117316,1.000097501,20003.9003296749,24.5059542428741,0.004929221,394.633990,391.670070,0.995166,0.014818515
449,393.070774,393.193575,394.174602,0.004912752,0.004905099,1.931074848,1.000096549,20003.8622429017,24.2666589795971,0.004905099,392.702272,389.752858,0.990294,0.014745998
450,391.142115,391.264313,392.240528,0.004888653,0.004881037,1.912173394,1.000095604,20003.8244381961,24.0291357454081,0.004881037,390.775420,387.840477,0.985435,0.014673663
451,389.218314,389.339911,390.311326,0.004864615,0.004857036,1.893412132,1.000094666,20003.7869138614,23.7933742113828,0.004857036,388.853423,385.932913,0.980589,0.014601510
452,387.299360,387.420358,388.386984,0.004840637,0.004833096,1.874790242,1.000093735,20003.749668371,23.5593641010198,0.004833096,386.936267,384.030155,0.975754,0.014529538
453,385.385239,385.505639,386.467490,0.004816719,0.004809216,1.856306911,1.000092811,20003.7126999595,23.3270951677837,0.004809216,385.023941,382.132190,0.970932,0.014457748
454,383.475941,383.595744,384.552831,0.004792862,0.004785395,1.837961328,1.000091894,20003.6760071388,23.0965572400417,0.004785395,383.116433,380.239006,0.966121,0.014386138
455,381.571452,381.690661,382.642995,0.004769065,0.004761635,1.819752689,1.000090983,20003.63958816,22.8677401910982,0.004761635,381.213729,378.350592,0.961323,0.014314709
456,379.671761,379.790376,380.737970,0.004745327,0.004737934,1.801680191,1.000090080,20003.6034415004,22.6406339541845,0.004737934,379.315819,376.466934,0.956537,0.014243459
457,377.776855,377.894879,378.837744,0.004721649,0.004714293,1.783743039,1.000089183,20003.5675655907,22.4152285149536,0.004714293,377.422689,374.588022,0.951763,0.014172388
458,375.886722,376.004156,376.942305,0.004698031,0.004690712,1.765940439,1.000088293,20003.5319588209,22.1915139339704,0.004690712,375.534328,372.713842,0.947001,0.014101496
459,374.001351,374.118196,375.051640,0.004674472,0.004667190,1.748271603,1.000087410,20003.4966196247,21.9694802643004,0.004667190,373.650725,370.844384,0.942251,0.014030782
460,372.120729,372.236986,373.165738,0.004650972,0.004643727,1.730735747,1.000086533,20003.461546389,21.749117693841,0.004643727,371.771866,368.979635,0.937513,0.013960246
461,370.244845,370.360516,371.284587,0.004627532,0.004620323,1.713332092,1.000085663,20003.4267375447,21.5304164104852,0.004620323,369.897740,367.119583,0.932787,0.013889888
